Case Number,Date,Block,IUCR,Primary Type,Description,Location Description,Arrest,Domestic,Beat,District,Ward,Community Area,FBI Code,X Coordinate,Y Coordinate,Year,Updated On,Latitude,Longitude,Location,Historical Wards 2003-2015,Zip Codes,Community Areas,Census Tracts,Wards,Boundaries - ZIP Codes,Police Districts,Police Beats
JC275871,5/22/2019 23:55,088XX S MAY ST,460,BATTERY,SIMPLE,SIDEWALK,FALSE,FALSE,2222,22,21,71,08B,,,2019,5/29/2019 16:22,,,,,,,,,,,
JC274561,5/22/2019 23:53,010XX N WINCHESTER AVE,1310,CRIMINAL DAMAGE,TO PROPERTY,RESIDENCE-GARAGE,FALSE,FALSE,1212,12,2,24,14,,,2019,5/29/2019 16:22,,,,,,,,,,,
JC274568,5/22/2019 23:51,079XX S DOBSON AVE,460,BATTERY,SIMPLE,APARTMENT,FALSE,TRUE,624,6,8,44,08B,,,2019,5/29/2019 16:22,,,,,,,,,,,
JC274578,5/22/2019 23:41,053XX W CHICAGO AVE,554,ASSAULT,AGG PO HANDS NO/MIN INJURY,GAS STATION,TRUE,FALSE,1524,15,37,25,08A,,,2019,5/29/2019 16:22,,,,,,,,,,,
JC274543,5/22/2019 23:41,024XX W LUNT AVE,1310,CRIMINAL DAMAGE,TO PROPERTY,APARTMENT,FALSE,TRUE,2411,24,50,2,14,,,2019,5/29/2019 16:22,,,,,,,,,,,
JC274555,5/22/2019 23:41,015XX S CHRISTIANA AVE,041A,BATTERY,AGGRAVATED: HANDGUN,SIDEWALK,FALSE,FALSE,1021,10,24,29,04B,,,2019,5/29/2019 16:22,,,,,,,,,,,
JC274549,5/22/2019 23:40,047XX S HOYNE AVE,1310,CRIMINAL DAMAGE,TO PROPERTY,RESIDENCE,FALSE,FALSE,931,9,15,61,14,,,2019,5/29/2019 16:22,,,,,,,,,,,
JC274534,5/22/2019 23:40,070XX S HALSTED ST,051A,ASSAULT,AGGRAVATED: HANDGUN,STREET,FALSE,FALSE,732,7,6,68,04A,,,2019,5/29/2019 16:22,,,,,,,,,,,
JC274542,5/22/2019 23:40,036XX W 60TH ST,560,ASSAULT,SIMPLE,SIDEWALK,FALSE,FALSE,823,8,23,65,08A,,,2019,5/29/2019 16:22,,,,,,,,,,,
JC274548,5/22/2019 23:39,011XX W EDDY ST,1130,DECEPTIVE PRACTICE,FRAUD OR CONFIDENCE GAME,SIDEWALK,FALSE,FALSE,1924,19,44,6,11,,,2019,5/29/2019 16:22,,,,,,,,,,,
JC274566,5/22/2019 23:35,072XX S EAST END AVE,1310,CRIMINAL DAMAGE,TO PROPERTY,RESIDENCE,FALSE,FALSE,324,3,7,43,14,,,2019,5/29/2019 16:22,,,,,,,,,,,
JC274539,5/22/2019 23:35,007XX W 83RD ST,1822,NARCOTICS,MANU/DEL:CANNABIS OVER 10 GMS,STREET,TRUE,FALSE,622,6,21,71,18,,,2019,5/29/2019 16:22,,,,,,,,,,,
JC274537,5/22/2019 23:30,068XX S MERRILL AVE,560,ASSAULT,SIMPLE,STREET,FALSE,FALSE,331,3,5,43,08A,,,2019,5/29/2019 16:22,,,,,,,,,,,
JC274541,5/22/2019 23:30,065XX S DR MARTIN LUTHER KING JR DR,485,BATTERY,AGGRAVATED OF A CHILD,APARTMENT,FALSE,TRUE,312,3,20,69,04B,,,2019,5/29/2019 16:22,,,,,,,,,,,
JC274922,5/22/2019 23:30,005XX S LOTUS AVE,910,MOTOR VEHICLE THEFT,AUTOMOBILE,STREET,FALSE,FALSE,1522,15,29,25,7,,,2019,5/29/2019 16:22,,,,,,,,,,,
JC274671,5/22/2019 23:30,056XX S DR MARTIN LUTHER KING JR DR,261,CRIM SEXUAL ASSAULT,AGGRAVATED: HANDGUN,ALLEY,FALSE,FALSE,231,2,20,40,2,,,2019,5/29/2019 16:22,,,,,,,,,,,
JC274558,5/22/2019 23:30,041XX W 21ST PL,460,BATTERY,SIMPLE,STREET,FALSE,FALSE,1012,10,24,29,08B,,,2019,5/29/2019 16:22,,,,,,,,,,,
JC274559,5/22/2019 23:30,121XX S RACINE AVE,460,BATTERY,SIMPLE,RESIDENCE,FALSE,FALSE,524,5,34,53,08B,,,2019,5/29/2019 16:22,,,,,,,,,,,
JC274526,5/22/2019 23:30,020XX S MORGAN ST,031A,ROBBERY,ARMED: HANDGUN,DRIVEWAY - RESIDENTIAL,FALSE,FALSE,1235,12,25,31,3,,,2019,5/29/2019 16:22,,,,,,,,,,,
JC275319,5/22/2019 23:30,112XX S AVENUE M,810,THEFT,OVER $500,ALLEY,FALSE,FALSE,433,4,10,52,6,,,2019,5/29/2019 16:22,,,,,,,,,,,
JC274551,5/22/2019 23:30,026XX S TROY ST,560,ASSAULT,SIMPLE,APARTMENT,FALSE,TRUE,1033,10,12,30,08A,,,2019,5/29/2019 16:22,,,,,,,,,,,
JC274533,5/22/2019 23:30,019XX S MORGAN ST,031A,ROBBERY,ARMED: HANDGUN,SIDEWALK,FALSE,FALSE,1235,12,25,31,3,,,2019,5/29/2019 16:22,,,,,,,,,,,
JC274510,5/22/2019 23:24,065XX S WOLCOTT AVE,486,BATTERY,DOMESTIC BATTERY SIMPLE,STREET,FALSE,TRUE,726,7,15,67,08B,,,2019,5/29/2019 16:22,,,,,,,,,,,
JC274520,5/22/2019 23:24,009XX E 84TH ST,1310,CRIMINAL DAMAGE,TO PROPERTY,APARTMENT,FALSE,FALSE,632,6,8,44,14,,,2019,5/29/2019 16:22,,,,,,,,,,,
JC274600,5/22/2019 23:22,088XX S PARNELL AVE,486,BATTERY,DOMESTIC BATTERY SIMPLE,RESIDENCE,TRUE,TRUE,2223,22,21,71,08B,,,2019,5/29/2019 16:22,,,,,,,,,,,
JC275706,5/22/2019 23:21,021XX W GREENLEAF AVE,2826,OTHER OFFENSE,HARASSMENT BY ELECTRONIC MEANS,"SCHOOL, PUBLIC, BUILDING",FALSE,FALSE,2411,24,50,2,26,,,2019,5/29/2019 16:22,,,,,,,,,,,
JC274527,5/22/2019 23:18,018XX N HOYNE AVE,291,CRIM SEXUAL ASSAULT,ATTEMPT NON-AGGRAVATED,APARTMENT,FALSE,FALSE,1434,14,32,22,2,,,2019,5/29/2019 16:22,,,,,,,,,,,
JC274511,5/22/2019 23:18,016XX W 68TH ST,143A,WEAPONS VIOLATION,UNLAWFUL POSS OF HANDGUN,STREET,TRUE,FALSE,725,7,17,67,15,,,2019,5/29/2019 16:22,,,,,,,,,,,
JC274515,5/22/2019 23:18,015XX S KEDZIE AVE,460,BATTERY,SIMPLE,SIDEWALK,FALSE,FALSE,1022,10,24,29,08B,,,2019,5/29/2019 16:22,,,,,,,,,,,
JC274569,5/22/2019 23:18,071XX S CHAMPLAIN AVE,143A,WEAPONS VIOLATION,UNLAWFUL POSS OF HANDGUN,STREET,TRUE,FALSE,323,3,6,69,15,,,2019,5/29/2019 16:22,,,,,,,,,,,
JC274705,5/22/2019 23:17,012XX E 72ND ST,2093,NARCOTICS,FOUND SUSPECT NARCOTICS,SIDEWALK,TRUE,FALSE,324,3,5,69,18,,,2019,5/29/2019 16:22,,,,,,,,,,,
JC274501,5/22/2019 23:17,030XX N CICERO AVE,560,ASSAULT,SIMPLE,SIDEWALK,TRUE,FALSE,2521,25,31,19,08A,,,2019,5/29/2019 16:22,,,,,,,,,,,
JC274513,5/22/2019 23:15,094XX S HALSTED ST,486,BATTERY,DOMESTIC BATTERY SIMPLE,ALLEY,FALSE,TRUE,2223,22,21,73,08B,,,2019,5/29/2019 16:22,,,,,,,,,,,
JC274565,5/22/2019 23:14,025XX N LINCOLN AVE,486,BATTERY,DOMESTIC BATTERY SIMPLE,APARTMENT,FALSE,TRUE,1932,19,43,7,08B,,,2019,5/29/2019 16:22,,,,,,,,,,,
JC274530,5/22/2019 23:13,080XX S MORGAN ST,560,ASSAULT,SIMPLE,ALLEY,FALSE,TRUE,612,6,21,71,08A,,,2019,5/29/2019 16:22,,,,,,,,,,,
JC274521,5/22/2019 23:10,055XX N WINTHROP AVE,460,BATTERY,SIMPLE,SIDEWALK,FALSE,FALSE,2023,20,48,77,08B,,,2019,5/29/2019 16:22,,,,,,,,,,,
JC274540,5/22/2019 23:09,003XX S KOSTNER AVE,2024,NARCOTICS,POSS: HEROIN(WHITE),ALLEY,TRUE,FALSE,1131,11,28,26,18,,,2019,5/29/2019 16:22,,,,,,,,,,,
JC274517,5/22/2019 23:08,047XX W LAKE ST,2022,NARCOTICS,POSS: COCAINE,STREET,TRUE,FALSE,1113,11,28,25,18,,,2019,5/29/2019 16:22,,,,,,,,,,,
JC274502,5/22/2019 23:06,039XX W ROOSEVELT RD,496,BATTERY,AGGRAVATED DOMESTIC BATTERY: KNIFE/CUTTING INST,STREET,FALSE,TRUE,1132,11,24,29,04B,,,2019,5/29/2019 16:22,,,,,,,,,,,
JC274518,5/22/2019 23:03,048XX N MERRIMAC AVE,051A,ASSAULT,AGGRAVATED: HANDGUN,SIDEWALK,FALSE,FALSE,1622,16,45,11,04A,,,2019,5/29/2019 16:22,,,,,,,,,,,
JC274697,5/22/2019 23:00,063XX S UNIVERSITY AVE,820,THEFT,$500 AND UNDER,PARKING LOT/GARAGE(NON.RESID.),FALSE,FALSE,314,3,20,42,6,,,2019,5/29/2019 16:22,,,,,,,,,,,
JC274925,5/22/2019 23:00,035XX W 63RD PL,486,BATTERY,DOMESTIC BATTERY SIMPLE,RESIDENCE,FALSE,TRUE,823,8,23,66,08B,,,2019,5/29/2019 16:22,,,,,,,,,,,
JC279704,5/22/2019 23:00,035XX N CLARK ST,1150,DECEPTIVE PRACTICE,CREDIT CARD FRAUD,SIDEWALK,FALSE,FALSE,1924,19,44,6,11,,,2019,5/29/2019 16:22,,,,,,,,,,,
JC275646,5/22/2019 23:00,007XX W MAXWELL ST,460,BATTERY,SIMPLE,SIDEWALK,FALSE,FALSE,1232,12,11,28,08B,,,2019,5/29/2019 16:22,,,,,,,,,,,
JC274538,5/22/2019 22:50,031XX W 71ST ST,486,BATTERY,DOMESTIC BATTERY SIMPLE,RESIDENCE,FALSE,TRUE,831,8,18,66,08B,,,2019,5/29/2019 16:22,,,,,,,,,,,
JC274531,5/22/2019 22:42,044XX W 15TH ST,5130,OTHER OFFENSE,VIOLENT OFFENDER: DUTY TO REGISTER,STREET,FALSE,FALSE,1011,10,24,29,26,,,2019,5/29/2019 16:22,,,,,,,,,,,
JC274491,5/22/2019 22:41,082XX S EAST END AVE,041A,BATTERY,AGGRAVATED: HANDGUN,SIDEWALK,FALSE,FALSE,414,4,8,45,04B,,,2019,5/29/2019 16:22,,,,,,,,,,,
JC274496,5/22/2019 22:40,029XX W FILLMORE ST,486,BATTERY,DOMESTIC BATTERY SIMPLE,APARTMENT,FALSE,TRUE,1135,11,28,29,08B,,,2019,5/29/2019 16:22,,,,,,,,,,,
JC274547,5/22/2019 22:39,062XX S PRAIRIE AVE,502P,OTHER OFFENSE,FALSE/STOLEN/ALTERED TRP,STREET,TRUE,FALSE,311,3,20,40,26,,,2019,5/29/2019 16:22,,,,,,,,,,,
JC275403,5/22/2019 22:36,018XX W PATTERSON AVE,4387,OTHER OFFENSE,VIOLATE ORDER OF PROTECTION,APARTMENT,FALSE,TRUE,1922,19,47,5,26,,,2019,5/29/2019 16:22,,,,,,,,,,,
JC274503,5/22/2019 22:33,003XX S CICERO AVE,470,PUBLIC PEACE VIOLATION,RECKLESS CONDUCT,STREET,TRUE,FALSE,1533,15,28,25,24,,,2019,5/29/2019 16:22,,,,,,,,,,,
JC274580,5/22/2019 22:32,061XX W HIGGINS AVE,560,ASSAULT,SIMPLE,APARTMENT,TRUE,FALSE,1622,16,45,11,08A,,,2019,5/29/2019 16:22,,,,,,,,,,,
JC274544,5/22/2019 22:30,034XX W POLK ST,320,ROBBERY,STRONGARM - NO WEAPON,STREET,FALSE,FALSE,1133,11,24,27,3,,,2019,5/29/2019 16:22,,,,,,,,,,,
JC274588,5/22/2019 22:30,102XX W IRVING PARK RD,460,BATTERY,SIMPLE,"VEHICLE - OTHER RIDE SHARE SERVICE (E.G., UBER, LYFT)",FALSE,FALSE,1654,16,41,76,08B,,,2019,5/29/2019 16:22,,,,,,,,,,,
JC274482,5/22/2019 22:30,068XX S BISHOP ST,486,BATTERY,DOMESTIC BATTERY SIMPLE,RESIDENCE,FALSE,TRUE,725,7,17,67,08B,,,2019,5/29/2019 16:22,,,,,,,,,,,
JC282173,5/22/2019 22:30,001XX E ERIE ST,890,THEFT,FROM BUILDING,HOTEL/MOTEL,FALSE,FALSE,1834,18,42,8,6,,,2019,5/29/2019 16:22,,,,,,,,,,,
JC274586,5/22/2019 22:30,077XX S KINGSTON AVE,479,BATTERY,AGG: HANDS/FIST/FEET SERIOUS INJURY,SIDEWALK,FALSE,FALSE,421,4,7,43,04B,,,2019,5/29/2019 16:22,,,,,,,,,,,
JC274682,5/22/2019 22:30,061XX W HIGGINS AVE,1310,CRIMINAL DAMAGE,TO PROPERTY,RESIDENCE,FALSE,FALSE,1622,16,45,11,14,,,2019,5/29/2019 16:22,,,,,,,,,,,
JC275416,5/22/2019 22:30,015XX W LAKE ST,810,THEFT,OVER $500,STREET,FALSE,FALSE,1215,12,27,28,6,,,2019,5/29/2019 16:22,,,,,,,,,,,
JC275973,5/22/2019 22:30,038XX S WELLS ST,460,BATTERY,SIMPLE,RESIDENCE,FALSE,TRUE,915,9,3,34,08B,,,2019,5/29/2019 16:22,,,,,,,,,,,
JC274487,5/22/2019 22:26,022XX S OAKLEY AVE,313,ROBBERY,ARMED: OTHER DANGEROUS WEAPON,STREET,FALSE,FALSE,1034,10,25,31,3,,,2019,5/29/2019 16:22,,,,,,,,,,,
JC274477,5/22/2019 22:22,002XX E 51ST ST,560,ASSAULT,SIMPLE,RESIDENCE,FALSE,FALSE,231,2,3,40,08A,,,2019,5/29/2019 16:22,,,,,,,,,,,
JC274484,5/22/2019 22:20,056XX S SHIELDS AVE,051A,ASSAULT,AGGRAVATED: HANDGUN,STREET,FALSE,FALSE,711,7,3,68,04A,,,2019,5/29/2019 16:22,,,,,,,,,,,
JC274519,5/22/2019 22:15,077XX S JEFFERY BLVD,1310,CRIMINAL DAMAGE,TO PROPERTY,APARTMENT,FALSE,TRUE,414,4,8,43,14,,,2019,5/29/2019 16:22,,,,,,,,,,,
JC274483,5/22/2019 22:15,052XX W HIRSCH ST,486,BATTERY,DOMESTIC BATTERY SIMPLE,RESIDENCE,TRUE,TRUE,2532,25,37,25,08B,,,2019,5/29/2019 16:22,,,,,,,,,,,
JC275460,5/22/2019 22:15,067XX S PERRY AVE,910,MOTOR VEHICLE THEFT,AUTOMOBILE,STREET,FALSE,FALSE,722,7,6,69,7,,,2019,5/29/2019 16:22,,,,,,,,,,,
JC274469,5/22/2019 22:12,026XX N ELSTON AVE,860,THEFT,RETAIL THEFT,DEPARTMENT STORE,TRUE,FALSE,1432,14,1,22,6,,,2019,5/29/2019 16:22,,,,,,,,,,,
JC274468,5/22/2019 22:10,070XX S JEFFERY BLVD,460,BATTERY,SIMPLE,SIDEWALK,TRUE,FALSE,331,3,5,43,08B,,,2019,5/29/2019 16:22,,,,,,,,,,,
JC274480,5/22/2019 22:10,010XX N MILWAUKEE AVE,810,THEFT,OVER $500,STREET,FALSE,FALSE,1213,12,2,24,6,,,2019,5/29/2019 16:22,,,,,,,,,,,
JC274456,5/22/2019 22:05,014XX N CALIFORNIA AVE,041A,BATTERY,AGGRAVATED: HANDGUN,SIDEWALK,FALSE,FALSE,1423,14,26,24,04B,,,2019,5/29/2019 16:22,,,,,,,,,,,
JC274604,5/22/2019 22:00,079XX S JEFFERY BLVD,460,BATTERY,SIMPLE,SIDEWALK,FALSE,FALSE,414,4,8,46,08B,,,2019,5/29/2019 16:22,,,,,,,,,,,
JC274470,5/22/2019 22:00,066XX S RHODES AVE,486,BATTERY,DOMESTIC BATTERY SIMPLE,APARTMENT,FALSE,TRUE,321,3,20,42,08B,,,2019,5/29/2019 16:22,,,,,,,,,,,
JC275044,5/22/2019 22:00,056XX S SHIELDS AVE,1310,CRIMINAL DAMAGE,TO PROPERTY,RESIDENCE,FALSE,FALSE,711,7,3,68,14,,,2019,5/29/2019 16:22,,,,,,,,,,,
JC274801,5/22/2019 22:00,012XX N WOOD ST,820,THEFT,$500 AND UNDER,STREET,FALSE,FALSE,1424,14,1,24,6,,,2019,5/29/2019 16:22,,,,,,,,,,,
JC274935,5/22/2019 22:00,073XX S WOLCOTT AVE,1320,CRIMINAL DAMAGE,TO VEHICLE,STREET,FALSE,FALSE,735,7,17,67,14,,,2019,5/29/2019 16:22,,,,,,,,,,,
JC274728,5/22/2019 22:00,030XX N NARRAGANSETT AVE,910,MOTOR VEHICLE THEFT,AUTOMOBILE,VEHICLE NON-COMMERCIAL,FALSE,FALSE,2511,25,36,19,7,,,2019,5/29/2019 16:22,,,,,,,,,,,
JC274939,5/22/2019 22:00,034XX N JANSSEN AVE,820,THEFT,$500 AND UNDER,RESIDENCE PORCH/HALLWAY,FALSE,FALSE,1922,19,44,6,6,,,2019,5/29/2019 16:22,,,,,,,,,,,
JC274529,5/22/2019 21:59,107XX S BENSLEY AVE,1350,CRIMINAL TRESPASS,TO STATE SUP LAND,STREET,TRUE,FALSE,434,4,7,51,26,,,2019,5/29/2019 16:22,,,,,,,,,,,
JC274479,5/22/2019 21:54,051XX W CHICAGO AVE,1330,CRIMINAL TRESPASS,TO LAND,PARKING LOT/GARAGE(NON.RESID.),TRUE,FALSE,1531,15,37,25,26,,,2019,5/29/2019 16:22,,,,,,,,,,,
JC274458,5/22/2019 21:49,003XX S MAPLEWOOD AVE,560,ASSAULT,SIMPLE,STREET,FALSE,TRUE,1125,11,27,28,08A,,,2019,5/29/2019 16:22,,,,,,,,,,,
JC274439,5/22/2019 21:45,043XX W WILCOX ST,326,ROBBERY,AGGRAVATED VEHICULAR HIJACKING,ALLEY,FALSE,FALSE,1115,11,28,26,3,,,2019,5/29/2019 16:22,,,,,,,,,,,
JC274451,5/22/2019 21:45,029XX N LARAMIE AVE,560,ASSAULT,SIMPLE,RESIDENCE PORCH/HALLWAY,FALSE,FALSE,2514,25,31,19,08A,,,2019,5/29/2019 16:22,,,,,,,,,,,
JC274481,5/22/2019 21:45,068XX S INDIANA AVE,460,BATTERY,SIMPLE,SIDEWALK,FALSE,FALSE,322,3,6,69,08B,,,2019,5/29/2019 16:22,,,,,,,,,,,
JC274447,5/22/2019 21:45,080XX S SANGAMON ST,460,BATTERY,SIMPLE,ALLEY,FALSE,FALSE,621,6,21,71,08B,,,2019,5/29/2019 16:22,,,,,,,,,,,
JC274432,5/22/2019 21:35,079XX S EAST END AVE,5110,OTHER OFFENSE,GUN OFFENDER: DUTY TO REGISTER,STREET,TRUE,FALSE,414,4,8,46,26,,,2019,5/29/2019 16:22,,,,,,,,,,,
JC274498,5/22/2019 21:30,003XX N GREEN ST,890,THEFT,FROM BUILDING,RESTAURANT,FALSE,FALSE,1214,12,27,28,6,,,2019,5/29/2019 16:22,,,,,,,,,,,
JC274430,5/22/2019 21:30,128XX S WALLACE ST,820,THEFT,$500 AND UNDER,STREET,FALSE,FALSE,523,5,9,53,6,,,2019,5/29/2019 16:22,,,,,,,,,,,
JC275423,5/22/2019 21:30,015XX W SHERWIN AVE,820,THEFT,$500 AND UNDER,OTHER,FALSE,FALSE,2423,24,49,1,6,,,2019,5/29/2019 16:22,,,,,,,,,,,
JC274798,5/22/2019 21:30,054XX N AUSTIN AVE,1310,CRIMINAL DAMAGE,TO PROPERTY,FACTORY/MANUFACTURING BUILDING,FALSE,FALSE,1622,16,45,11,14,,,2019,5/29/2019 16:22,,,,,,,,,,,
JC274433,5/22/2019 21:30,055XX W WASHINGTON BLVD,486,BATTERY,DOMESTIC BATTERY SIMPLE,APARTMENT,FALSE,TRUE,1522,15,29,25,08B,,,2019,5/29/2019 16:22,,,,,,,,,,,
JC275117,5/22/2019 21:27,007XX E 103RD PL,2825,OTHER OFFENSE,HARASSMENT BY TELEPHONE,RESIDENCE,FALSE,TRUE,512,5,9,50,26,,,2019,5/29/2019 16:22,,,,,,,,,,,
JC274411,5/22/2019 21:25,022XX E 103RD ST,1710,OFFENSE INVOLVING CHILDREN,ENDANGERING LIFE/HEALTH CHILD,POLICE FACILITY/VEH PARKING LOT,FALSE,TRUE,434,4,7,51,20,,,2019,5/29/2019 16:22,,,,,,,,,,,
JC274437,5/22/2019 21:23,064XX S DR MARTIN LUTHER KING JR DR,1310,CRIMINAL DAMAGE,TO PROPERTY,APARTMENT,FALSE,FALSE,312,3,20,69,14,,,2019,5/29/2019 16:22,,,,,,,,,,,
JC274421,5/22/2019 21:15,066XX S HALSTED ST,630,BURGLARY,ATTEMPT FORCIBLE ENTRY,APARTMENT,FALSE,FALSE,723,7,6,68,5,,,2019,5/29/2019 16:22,,,,,,,,,,,
JC274427,5/22/2019 21:15,088XX S PARNELL AVE,890,THEFT,FROM BUILDING,RESIDENCE,FALSE,FALSE,2223,22,21,71,6,,,2019,5/29/2019 16:22,,,,,,,,,,,
JC275088,5/22/2019 21:10,0000X E 78TH ST,820,THEFT,$500 AND UNDER,APARTMENT,FALSE,FALSE,623,6,6,69,6,,,2019,5/29/2019 16:22,,,,,,,,,,,
JC274417,5/22/2019 21:08,079XX S RIDGELAND AVE,141B,WEAPONS VIOLATION,UNLAWFUL USE OTHER FIREARM,STREET,FALSE,FALSE,414,4,8,46,15,,,2019,5/29/2019 16:22,,,,,,,,,,,
JC274405,5/22/2019 21:05,049XX W ADAMS ST,486,BATTERY,DOMESTIC BATTERY SIMPLE,RESIDENCE,FALSE,TRUE,1533,15,28,25,08B,,,2019,5/29/2019 16:22,,,,,,,,,,,
JC274973,5/22/2019 21:00,029XX W 81ST ST,810,THEFT,OVER $500,STREET,FALSE,FALSE,835,8,18,70,6,,,2019,5/29/2019 16:22,,,,,,,,,,,
JC275415,5/22/2019 21:00,050XX S INDIANA AVE,1585,SEX OFFENSE,OTHER,APARTMENT,FALSE,FALSE,224,2,3,38,17,,,2019,5/29/2019 16:22,,,,,,,,,,,
JC274495,5/22/2019 21:00,050XX S MORGAN ST,890,THEFT,FROM BUILDING,RESIDENCE,FALSE,FALSE,933,9,20,61,6,,,2019,5/29/2019 16:22,,,,,,,,,,,
JC274395,5/22/2019 21:00,010XX W 80TH ST,460,BATTERY,SIMPLE,STREET,TRUE,FALSE,612,6,21,71,08B,,,2019,5/29/2019 16:22,,,,,,,,,,,
JC275238,5/22/2019 21:00,049XX S LAKE SHORE DR SB,890,THEFT,FROM BUILDING,RESTAURANT,FALSE,FALSE,222,2,5,39,6,,,2019,5/29/2019 16:22,,,,,,,,,,,
JC275823,5/22/2019 21:00,037XX S PAULINA ST,820,THEFT,$500 AND UNDER,RESIDENCE,FALSE,FALSE,912,9,12,59,6,,,2019,5/29/2019 16:22,,,,,,,,,,,
JC274454,5/22/2019 21:00,041XX W KAMERLING AVE,560,ASSAULT,SIMPLE,STREET,FALSE,FALSE,2534,25,37,23,08A,,,2019,5/29/2019 16:22,,,,,,,,,,,
JC275396,5/22/2019 21:00,011XX W LAWRENCE AVE,1152,DECEPTIVE PRACTICE,ILLEGAL USE CASH CARD,STREET,FALSE,FALSE,1914,19,46,3,11,,,2019,5/29/2019 16:22,,,,,,,,,,,
JC274422,5/22/2019 21:00,028XX S LAWNDALE AVE,4387,OTHER OFFENSE,VIOLATE ORDER OF PROTECTION,SIDEWALK,FALSE,TRUE,1032,10,22,30,26,,,2019,5/29/2019 16:22,,,,,,,,,,,
JC274460,5/22/2019 21:00,036XX W FILLMORE ST,460,BATTERY,SIMPLE,OTHER,FALSE,FALSE,1133,11,24,29,08B,,,2019,5/29/2019 16:22,,,,,,,,,,,
JC274857,5/22/2019 21:00,029XX N MILDRED AVE,1320,CRIMINAL DAMAGE,TO VEHICLE,STREET,FALSE,FALSE,1933,19,44,6,14,,,2019,5/29/2019 16:22,,,,,,,,,,,
JC274767,5/22/2019 21:00,037XX W CERMAK RD,820,THEFT,$500 AND UNDER,STREET,FALSE,FALSE,1014,10,24,29,6,,,2019,5/29/2019 16:22,,,,,,,,,,,
JC274576,5/22/2019 21:00,011XX N LOREL AVE,420,BATTERY,AGGRAVATED:KNIFE/CUTTING INSTR,STREET,FALSE,FALSE,1524,15,37,25,04B,,,2019,5/29/2019 16:22,,,,,,,,,,,
JC274774,5/22/2019 21:00,078XX S CLYDE AVE,820,THEFT,$500 AND UNDER,RESIDENCE,FALSE,TRUE,414,4,8,43,6,,,2019,5/29/2019 16:22,,,,,,,,,,,
JC274817,5/22/2019 21:00,015XX N ARTESIAN AVE,810,THEFT,OVER $500,STREET,FALSE,FALSE,1423,14,1,24,6,,,2019,5/29/2019 16:22,,,,,,,,,,,
JC274413,5/22/2019 21:00,036XX E 104TH ST,2028,NARCOTICS,POSS: SYNTHETIC DRUGS,VEHICLE NON-COMMERCIAL,TRUE,FALSE,432,4,10,52,18,,,2019,5/29/2019 16:22,,,,,,,,,,,
JC274880,5/22/2019 21:00,026XX W LOGAN BLVD,810,THEFT,OVER $500,RESIDENTIAL YARD (FRONT/BACK),FALSE,FALSE,1411,14,32,22,6,,,2019,5/29/2019 16:22,,,,,,,,,,,
JC274471,5/22/2019 21:00,002XX E 31ST ST,486,BATTERY,DOMESTIC BATTERY SIMPLE,VEHICLE NON-COMMERCIAL,FALSE,TRUE,211,2,3,35,08B,,,2019,5/29/2019 16:22,,,,,,,,,,,
JC274409,5/22/2019 20:59,075XX S ASHLAND AVE,1320,CRIMINAL DAMAGE,TO VEHICLE,VEHICLE NON-COMMERCIAL,FALSE,TRUE,612,6,17,71,14,,,2019,5/29/2019 16:22,,,,,,,,,,,
JC274466,5/22/2019 20:55,080XX S UNION AVE,560,ASSAULT,SIMPLE,RESIDENCE PORCH/HALLWAY,TRUE,FALSE,621,6,21,71,08A,,,2019,5/29/2019 16:22,,,,,,,,,,,
JC274448,5/22/2019 20:53,019XX E 75TH ST,470,PUBLIC PEACE VIOLATION,RECKLESS CONDUCT,PARK PROPERTY,TRUE,FALSE,414,4,8,43,24,,,2019,5/29/2019 16:22,,,,,,,,,,,
JC274462,5/22/2019 20:50,006XX N WELLS ST,460,BATTERY,SIMPLE,STREET,FALSE,FALSE,1831,18,42,8,08B,,,2019,5/29/2019 16:22,,,,,,,,,,,
JC274414,5/22/2019 20:46,005XX N KEDZIE AVE,1812,NARCOTICS,POSS: CANNABIS MORE THAN 30GMS,SIDEWALK,TRUE,FALSE,1221,12,27,23,18,,,2019,5/29/2019 16:22,,,,,,,,,,,
JC274392,5/22/2019 20:45,055XX S STATE ST,486,BATTERY,DOMESTIC BATTERY SIMPLE,SIDEWALK,FALSE,TRUE,225,2,3,40,08B,,,2019,5/29/2019 16:22,,,,,,,,,,,
JC274418,5/22/2019 20:43,024XX W 40TH ST,502P,OTHER OFFENSE,FALSE/STOLEN/ALTERED TRP,STREET,TRUE,FALSE,921,9,12,58,26,,,2019,5/29/2019 16:22,,,,,,,,,,,
JC274391,5/22/2019 20:31,025XX S SPAULDING AVE,143A,WEAPONS VIOLATION,UNLAWFUL POSS OF HANDGUN,SIDEWALK,TRUE,FALSE,1024,10,12,30,15,,,2019,5/29/2019 16:22,,,,,,,,,,,
JC274450,5/22/2019 20:30,042XX N GREENVIEW AVE,620,BURGLARY,UNLAWFUL ENTRY,APARTMENT,FALSE,FALSE,1912,19,47,6,5,,,2019,5/29/2019 16:22,,,,,,,,,,,
JC274731,5/22/2019 20:30,004XX E 46TH ST,820,THEFT,$500 AND UNDER,STREET,FALSE,FALSE,221,2,3,38,6,,,2019,5/29/2019 16:22,,,,,,,,,,,
JC277982,5/22/2019 20:30,096XX S ESCANABA AVE,486,BATTERY,DOMESTIC BATTERY SIMPLE,APARTMENT,FALSE,TRUE,431,4,10,51,08B,,,2019,5/29/2019 16:22,,,,,,,,,,,
JC275789,5/22/2019 20:30,064XX N NEW ENGLAND AVE,460,BATTERY,SIMPLE,RESIDENCE,FALSE,FALSE,1611,16,41,10,08B,,,2019,5/29/2019 16:22,,,,,,,,,,,
JC274793,5/22/2019 20:30,016XX S HARDING AVE,530,ASSAULT,AGGRAVATED: OTHER DANG WEAPON,STREET,FALSE,FALSE,1014,10,24,29,04A,,,2019,5/29/2019 16:22,,,,,,,,,,,
JC279180,5/22/2019 20:30,048XX N LAWNDALE AVE,430,BATTERY,AGGRAVATED: OTHER DANG WEAPON,SIDEWALK,FALSE,FALSE,1712,17,35,14,04B,,,2019,5/29/2019 16:22,,,,,,,,,,,
JC275276,5/22/2019 20:30,011XX N CROSBY ST,910,MOTOR VEHICLE THEFT,AUTOMOBILE,STREET,FALSE,FALSE,1822,18,27,8,7,,,2019,5/29/2019 16:22,,,,,,,,,,,
JC275093,5/22/2019 20:30,056XX S SHIELDS AVE,1310,CRIMINAL DAMAGE,TO PROPERTY,RESIDENCE,FALSE,FALSE,711,7,3,68,14,,,2019,5/29/2019 16:22,,,,,,,,,,,
JC274376,5/22/2019 20:24,040XX W CERMAK RD,2024,NARCOTICS,POSS: HEROIN(WHITE),ALLEY,TRUE,FALSE,1013,10,22,29,18,,,2019,5/29/2019 16:22,,,,,,,,,,,
JC278517,5/22/2019 20:22,026XX N MC VICKER AVE,1130,DECEPTIVE PRACTICE,FRAUD OR CONFIDENCE GAME,APARTMENT,FALSE,FALSE,2512,25,30,19,11,,,2019,5/29/2019 16:22,,,,,,,,,,,
JC274401,5/22/2019 20:22,042XX W AUGUSTA BLVD,281,CRIM SEXUAL ASSAULT,NON-AGGRAVATED,APARTMENT,FALSE,FALSE,1111,11,37,23,2,,,2019,5/29/2019 16:22,,,,,,,,,,,
JC274370,5/22/2019 20:21,068XX W ARMITAGE AVE,560,ASSAULT,SIMPLE,RESIDENTIAL YARD (FRONT/BACK),FALSE,FALSE,2513,25,29,25,08A,,,2019,5/29/2019 16:22,,,,,,,,,,,
JC275268,5/22/2019 20:21,061XX S NARRAGANSETT AVE,2825,OTHER OFFENSE,HARASSMENT BY TELEPHONE,RESIDENCE,FALSE,FALSE,812,8,13,64,26,,,2019,5/29/2019 16:22,,,,,,,,,,,
JC274366,5/22/2019 20:20,063XX N RIDGE AVE,560,ASSAULT,SIMPLE,PARKING LOT/GARAGE(NON.RESID.),FALSE,FALSE,2433,24,40,2,08A,,,2019,5/29/2019 16:22,,,,,,,,,,,
JC274360,5/22/2019 20:20,032XX W LAWRENCE AVE,560,ASSAULT,SIMPLE,STREET,FALSE,FALSE,1713,17,33,14,08A,,,2019,5/29/2019 16:22,,,,,,,,,,,
JC274361,5/22/2019 20:16,034XX W 65TH ST,1310,CRIMINAL DAMAGE,TO PROPERTY,RESIDENCE,FALSE,FALSE,823,8,23,66,14,,,2019,5/29/2019 16:22,,,,,,,,,,,
JC274733,5/22/2019 20:15,014XX N LAKE SHORE DR,1153,DECEPTIVE PRACTICE,FINANCIAL IDENTITY THEFT OVER $ 300,,FALSE,FALSE,1824,18,43,8,11,,,2019,5/29/2019 16:22,,,,,,,,,,,
JC274377,5/22/2019 20:15,008XX W NORTH AVE,1153,DECEPTIVE PRACTICE,FINANCIAL IDENTITY THEFT OVER $ 300,SMALL RETAIL STORE,TRUE,FALSE,1822,18,2,8,11,,,2019,5/29/2019 16:22,,,,,,,,,,,
JC274359,5/22/2019 20:12,061XX N RICHMOND ST,460,BATTERY,SIMPLE,APARTMENT,FALSE,FALSE,2413,24,50,2,08B,,,2019,5/29/2019 16:22,,,,,,,,,,,
JC274378,5/22/2019 20:12,001XX N ASHLAND AVE,143A,WEAPONS VIOLATION,UNLAWFUL POSS OF HANDGUN,CTA BUS,TRUE,FALSE,1224,12,27,28,15,,,2019,5/29/2019 16:22,,,,,,,,,,,
JC274453,5/22/2019 20:07,036XX W WABANSIA AVE,486,BATTERY,DOMESTIC BATTERY SIMPLE,RESIDENCE,FALSE,TRUE,2535,25,26,23,08B,,,2019,5/29/2019 16:22,,,,,,,,,,,
JC274386,5/22/2019 20:06,004XX W 72ND ST,554,ASSAULT,AGG PO HANDS NO/MIN INJURY,SIDEWALK,TRUE,FALSE,732,7,6,68,08A,,,2019,5/29/2019 16:22,,,,,,,,,,,
JC274341,5/22/2019 20:01,002XX S STATE ST,320,ROBBERY,STRONGARM - NO WEAPON,CTA STATION,FALSE,FALSE,113,1,42,32,3,,,2019,5/29/2019 16:22,,,,,,,,,,,
JC274791,5/22/2019 20:00,044XX W MONROE ST,910,MOTOR VEHICLE THEFT,AUTOMOBILE,STREET,FALSE,FALSE,1113,11,28,26,7,,,2019,5/29/2019 16:22,,,,,,,,,,,
JC274961,5/22/2019 20:00,014XX N WELLS ST,820,THEFT,$500 AND UNDER,APARTMENT,FALSE,FALSE,1821,18,27,8,6,,,2019,5/29/2019 16:22,,,,,,,,,,,
JC274355,5/22/2019 20:00,014XX S KEDZIE AVE,486,BATTERY,DOMESTIC BATTERY SIMPLE,ALLEY,FALSE,TRUE,1022,10,24,29,08B,,,2019,5/29/2019 16:22,,,,,,,,,,,
JC274766,5/22/2019 20:00,081XX S MARSHFIELD AVE,910,MOTOR VEHICLE THEFT,AUTOMOBILE,STREET,FALSE,FALSE,614,6,21,71,7,,,2019,5/29/2019 16:22,,,,,,,,,,,
JC275042,5/22/2019 20:00,062XX N HERMITAGE AVE,820,THEFT,$500 AND UNDER,VEHICLE NON-COMMERCIAL,FALSE,FALSE,2433,24,40,77,6,,,2019,5/29/2019 16:22,,,,,,,,,,,
JC274730,5/22/2019 20:00,021XX N MEADE AVE,2826,OTHER OFFENSE,HARASSMENT BY ELECTRONIC MEANS,RESIDENCE,FALSE,FALSE,2512,25,36,19,26,,,2019,5/29/2019 16:22,,,,,,,,,,,
JC274800,5/22/2019 20:00,005XX W 46TH PL,1310,CRIMINAL DAMAGE,TO PROPERTY,RESIDENCE PORCH/HALLWAY,FALSE,FALSE,925,9,11,61,14,,,2019,5/29/2019 16:22,,,,,,,,,,,
JC275331,5/22/2019 20:00,048XX S WINCHESTER AVE,1750,OFFENSE INVOLVING CHILDREN,CHILD ABUSE,APARTMENT,FALSE,TRUE,931,9,15,61,08B,,,2019,5/29/2019 16:22,,,,,,,,,,,
JC274364,5/22/2019 19:59,020XX E 83RD ST,1812,NARCOTICS,POSS: CANNABIS MORE THAN 30GMS,PARKING LOT/GARAGE(NON.RESID.),TRUE,FALSE,414,4,8,46,18,,,2019,5/29/2019 16:22,,,,,,,,,,,
JC274326,5/22/2019 19:55,113XX S EDBROOKE AVE,560,ASSAULT,SIMPLE,RESIDENCE,FALSE,FALSE,531,5,9,49,08A,,,2019,5/29/2019 16:22,,,,,,,,,,,
JC274368,5/22/2019 19:55,069XX N KEDZIE AVE,486,BATTERY,DOMESTIC BATTERY SIMPLE,APARTMENT,FALSE,FALSE,2411,24,50,2,08B,,,2019,5/29/2019 16:22,,,,,,,,,,,
JC274332,5/22/2019 19:50,011XX E 42ND PL,460,BATTERY,SIMPLE,APARTMENT,FALSE,FALSE,214,2,4,36,08B,,,2019,5/29/2019 16:22,,,,,,,,,,,
JC274339,5/22/2019 19:45,003XX S PEORIA ST,560,ASSAULT,SIMPLE,STREET,FALSE,FALSE,1232,12,25,28,08A,,,2019,5/29/2019 16:22,,,,,,,,,,,
JC277010,5/22/2019 19:45,012XX N WALLER AVE,5000,OTHER OFFENSE,OTHER CRIME AGAINST PERSON,CHURCH/SYNAGOGUE/PLACE OF WORSHIP,FALSE,FALSE,2531,25,29,25,26,,,2019,5/29/2019 16:22,,,,,,,,,,,
JC274310,5/22/2019 19:40,016XX S CENTRAL PARK AVE,2027,NARCOTICS,POSS: CRACK,ALLEY,TRUE,FALSE,1021,10,24,29,18,,,2019,5/29/2019 16:22,,,,,,,,,,,
JC274722,5/22/2019 19:40,129XX S SANGAMON ST,1153,DECEPTIVE PRACTICE,FINANCIAL IDENTITY THEFT OVER $ 300,,FALSE,FALSE,523,5,34,53,11,,,2019,5/29/2019 16:22,,,,,,,,,,,
JC274363,5/22/2019 19:40,038XX W HURON ST,910,MOTOR VEHICLE THEFT,AUTOMOBILE,ALLEY,FALSE,FALSE,1112,11,27,23,7,,,2019,5/29/2019 16:22,,,,,,,,,,,
JC274276,5/22/2019 19:39,080XX S EMERALD AVE,110,HOMICIDE,FIRST DEGREE MURDER,STREET,FALSE,FALSE,621,6,21,71,01A,1172697,1851644,2019,5/29/2019 16:22,41.74834455,-87.64275238,"(41.748344547, -87.64275238)",18,21554,70,529,13,59,20,229
JC274416,5/22/2019 19:38,002XX W 106TH ST,1150,DECEPTIVE PRACTICE,CREDIT CARD FRAUD,RESIDENCE,TRUE,FALSE,512,5,34,49,11,,,2019,5/29/2019 16:22,,,,,,,,,,,
JC274357,5/22/2019 19:36,010XX W 68TH ST,486,BATTERY,DOMESTIC BATTERY SIMPLE,SIDEWALK,TRUE,FALSE,724,7,6,68,08B,,,2019,5/29/2019 16:22,,,,,,,,,,,
JC274404,5/22/2019 19:35,021XX N MILWAUKEE AVE,810,THEFT,OVER $500,STREET,FALSE,FALSE,1431,14,1,22,6,,,2019,5/29/2019 16:22,,,,,,,,,,,
JC274334,5/22/2019 19:30,062XX S DR MARTIN LUTHER KING JR DR,560,ASSAULT,SIMPLE,RESIDENCE,FALSE,TRUE,311,3,20,40,08A,,,2019,5/29/2019 16:22,,,,,,,,,,,
JC274319,5/22/2019 19:30,071XX S YALE AVE,560,ASSAULT,SIMPLE,RESIDENCE,FALSE,TRUE,731,7,6,69,08A,,,2019,5/29/2019 16:22,,,,,,,,,,,
JC274874,5/22/2019 19:30,018XX N LOCKWOOD AVE,820,THEFT,$500 AND UNDER,STREET,FALSE,FALSE,2532,25,37,25,6,,,2019,5/29/2019 16:22,,,,,,,,,,,
JC274369,5/22/2019 19:24,024XX S CALIFORNIA BLVD,2012,NARCOTICS,MANU/DELIVER:COCAINE,VEHICLE NON-COMMERCIAL,TRUE,FALSE,1034,10,12,30,18,,,2019,5/29/2019 16:22,,,,,,,,,,,
JC274419,5/22/2019 19:22,010XX E 43RD ST,031A,ROBBERY,ARMED: HANDGUN,ALLEY,FALSE,FALSE,222,2,4,39,3,,,2019,5/29/2019 16:22,,,,,,,,,,,
JC274328,5/22/2019 19:20,013XX W 18TH ST,460,BATTERY,SIMPLE,STREET,FALSE,FALSE,1233,12,25,31,08B,,,2019,5/29/2019 16:22,,,,,,,,,,,
JC274314,5/22/2019 19:20,050XX W JACKSON BLVD,051A,ASSAULT,AGGRAVATED: HANDGUN,APARTMENT,FALSE,FALSE,1533,15,28,25,04A,,,2019,5/29/2019 16:22,,,,,,,,,,,
JC274303,5/22/2019 19:20,0000X N LOTUS AVE,486,BATTERY,DOMESTIC BATTERY SIMPLE,SIDEWALK,FALSE,TRUE,1522,15,29,25,08B,,,2019,5/29/2019 16:22,,,,,,,,,,,
JC274285,5/22/2019 19:20,007XX S LAWNDALE AVE,2024,NARCOTICS,POSS: HEROIN(WHITE),SIDEWALK,TRUE,FALSE,1133,11,24,27,18,,,2019,5/29/2019 16:22,,,,,,,,,,,
JC274313,5/22/2019 19:19,029XX W DIVISION ST,3710,INTERFERENCE WITH PUBLIC OFFICER,RESIST/OBSTRUCT/DISARM OFFICER,STREET,TRUE,FALSE,1211,12,26,24,24,,,2019,5/29/2019 16:22,,,,,,,,,,,
JC274302,5/22/2019 19:18,101XX S CALIFORNIA AVE,2825,OTHER OFFENSE,HARASSMENT BY TELEPHONE,RESIDENCE,FALSE,TRUE,2211,22,19,72,26,,,2019,5/29/2019 16:22,,,,,,,,,,,
JC274286,5/22/2019 19:16,062XX S VERNON AVE,1310,CRIMINAL DAMAGE,TO PROPERTY,RESIDENTIAL YARD (FRONT/BACK),FALSE,FALSE,313,3,20,42,14,,,2019,5/29/2019 16:22,,,,,,,,,,,
JC281645,5/22/2019 19:15,017XX N SHEFFIELD AVE,860,THEFT,RETAIL THEFT,DEPARTMENT STORE,FALSE,FALSE,1811,18,2,7,6,,,2019,5/29/2019 16:22,,,,,,,,,,,
JC274292,5/22/2019 19:15,027XX S TROY ST,486,BATTERY,DOMESTIC BATTERY SIMPLE,RESIDENCE,FALSE,TRUE,1033,10,12,30,08B,,,2019,5/29/2019 16:22,,,,,,,,,,,
JC274336,5/22/2019 19:15,017XX N WOOD ST,890,THEFT,FROM BUILDING,RESIDENCE PORCH/HALLWAY,FALSE,FALSE,1434,14,32,24,6,,,2019,5/29/2019 16:22,,,,,,,,,,,
JC280405,5/22/2019 19:10,019XX W HOOD AVE,820,THEFT,$500 AND UNDER,RESIDENCE,FALSE,FALSE,2413,24,40,2,6,,,2019,5/29/2019 16:22,,,,,,,,,,,
JC274248,5/22/2019 19:10,112XX S VERNON AVE,430,BATTERY,AGGRAVATED: OTHER DANG WEAPON,SIDEWALK,FALSE,FALSE,531,5,9,49,04B,,,2019,5/29/2019 16:22,,,,,,,,,,,
JC274434,5/22/2019 19:04,061XX N ELSTON AVE,1195,DECEPTIVE PRACTICE,FINAN EXPLOIT-ELDERLY/DISABLED,SIDEWALK,FALSE,FALSE,1611,16,39,10,11,,,2019,5/29/2019 16:22,,,,,,,,,,,
JC274279,5/22/2019 19:04,073XX S LANGLEY AVE,1811,NARCOTICS,POSS: CANNABIS 30GMS OR LESS,SIDEWALK,TRUE,FALSE,323,3,6,69,18,,,2019,5/29/2019 16:22,,,,,,,,,,,
JC274373,5/22/2019 19:03,003XX N KEDZIE AVE,1345,CRIMINAL DAMAGE,TO CITY OF CHICAGO PROPERTY,CTA BUS,FALSE,FALSE,1123,11,28,27,14,,,2019,5/29/2019 16:22,,,,,,,,,,,
JC274277,5/22/2019 19:02,024XX W ADAMS ST,2024,NARCOTICS,POSS: HEROIN(WHITE),STREET,TRUE,FALSE,1125,11,27,28,18,,,2019,5/29/2019 16:22,,,,,,,,,,,
JC275518,5/22/2019 19:00,0000X W 71ST ST,1750,OFFENSE INVOLVING CHILDREN,CHILD ABUSE,RESIDENCE,FALSE,TRUE,731,7,6,69,08B,,,2019,5/29/2019 16:22,,,,,,,,,,,
JC274291,5/22/2019 19:00,102XX S CALUMET AVE,1310,CRIMINAL DAMAGE,TO PROPERTY,RESIDENCE,FALSE,FALSE,511,5,9,49,14,,,2019,5/29/2019 16:22,,,,,,,,,,,
JC275671,5/22/2019 19:00,066XX N WESTERN AVE,460,BATTERY,SIMPLE,PARK PROPERTY,FALSE,FALSE,2412,24,50,2,08B,,,2019,5/29/2019 16:22,,,,,,,,,,,
JC276172,5/22/2019 19:00,020XX W DIVISION ST,890,THEFT,FROM BUILDING,RESIDENCE-GARAGE,FALSE,FALSE,1212,12,1,24,6,,,2019,5/29/2019 16:22,,,,,,,,,,,
JC275140,5/22/2019 19:00,044XX N WESTERN AVE,810,THEFT,OVER $500,VEHICLE NON-COMMERCIAL,FALSE,FALSE,1911,19,47,4,6,,,2019,5/29/2019 16:22,,,,,,,,,,,
JC274763,5/22/2019 19:00,029XX N HALSTED ST,810,THEFT,OVER $500,STREET,FALSE,FALSE,1934,19,44,6,6,,,2019,5/29/2019 16:22,,,,,,,,,,,
JC275544,5/22/2019 19:00,072XX S FAIRFIELD AVE,610,BURGLARY,FORCIBLE ENTRY,RESIDENCE,FALSE,FALSE,831,8,18,66,5,,,2019,5/29/2019 16:22,,,,,,,,,,,
JC274472,5/22/2019 19:00,045XX S RICHMOND ST,1305,CRIMINAL DAMAGE,CRIMINAL DEFACEMENT,RESIDENCE,FALSE,FALSE,922,9,15,58,14,,,2019,5/29/2019 16:22,,,,,,,,,,,
JC274301,5/22/2019 18:59,006XX W 47TH PL,530,ASSAULT,AGGRAVATED: OTHER DANG WEAPON,SIDEWALK,FALSE,FALSE,935,9,11,61,04A,,,2019,5/29/2019 16:22,,,,,,,,,,,
JC274244,5/22/2019 18:55,008XX N MAPLEWOOD AVE,820,THEFT,$500 AND UNDER,APARTMENT,FALSE,FALSE,1211,12,26,24,6,,,2019,5/29/2019 16:22,,,,,,,,,,,
JC274216,5/22/2019 18:52,0000X S LA SALLE ST,1310,CRIMINAL DAMAGE,TO PROPERTY,SMALL RETAIL STORE,FALSE,FALSE,122,1,42,32,14,,,2019,5/29/2019 16:22,,,,,,,,,,,
